{"cameraMode":{"drawMode":0,"name":"Shaded","section":"Shading Mode"},"sceneLighting":true,"audioPlay":false,"sceneViewState":{"showFog":false,"showMaterialUpdate":false,"showSkybox":false,"showFlares":false,"showImageEffects":false,"showParticleSystems":false,"showVisualEffectGraphs":true,"m_FxEnabled":true},"in2DMode":false,"pivot":{"x":0.41211408376693728,"y":0.9696712493896484,"z":1.0964672565460206},"rotation":{"x":-0.09048117697238922,"y":-0.9060536026954651,"z":0.33114174008369448,"w":-0.24754171073436738},"size":1.8848216533660889,"orthographic":false}