{"cameraMode":{"drawMode":32,"name":"UV Overlap","section":"Baked Global Illumination"},"sceneLighting":true,"audioPlay":false,"sceneViewState":{"showFog":false,"showMaterialUpdate":false,"showSkybox":false,"showFlares":false,"showImageEffects":false,"showParticleSystems":false},"in2DMode":false,"pivot":{"x":-0.35252997279167178,"y":1.317973256111145,"z":0.6529669761657715},"rotation":{"x":-0.002020706655457616,"y":0.9979866743087769,"z":-0.042249709367752078,"w":-0.04763822257518768},"size":0.8042933344841003,"orthographic":false}