{"cameraMode":{"drawMode":0,"name":"Shaded","section":"Shading Mode"},"sceneLighting":false,"audioPlay":false,"sceneViewState":{"showFog":false,"showMaterialUpdate":false,"showSkybox":false,"showFlares":false,"showImageEffects":false,"showParticleSystems":false},"in2DMode":false,"pivot":{"x":-0.3709799349308014,"y":-0.04208040237426758,"z":0.6764573454856873},"rotation":{"x":0.07172597199678421,"y":0.708051860332489,"z":-0.07270976901054383,"w":0.6987693905830383},"size":0.4615592360496521,"orthographic":false}