{"cameraMode":{"drawMode":0,"name":"Shaded","section":"Shading Mode"},"sceneLighting":true,"audioPlay":false,"sceneViewState":{"showFog":false,"showMaterialUpdate":false,"showSkybox":false,"showFlares":false,"showImageEffects":false,"showParticleSystems":false},"in2DMode":false,"pivot":{"x":-0.05186839401721954,"y":1.2263444662094117,"z":0.7838107347488403},"rotation":{"x":-0.03259354829788208,"y":-0.9526523351669312,"z":0.2815853953361511,"w":-0.1102340966463089},"size":0.6848217248916626,"orthographic":false}