{"cameraMode":{"drawMode":0,"name":"Shaded","section":"Shading Mode"},"sceneLighting":false,"audioPlay":false,"sceneViewState":{"showFog":false,"showMaterialUpdate":false,"showSkybox":false,"showFlares":false,"showImageEffects":false,"showParticleSystems":false},"in2DMode":false,"pivot":{"x":-0.5441554188728333,"y":0.006084874272346497,"z":0.7128607630729675},"rotation":{"x":0.02932320348918438,"y":0.9697296023368836,"z":-0.14836087822914124,"w":0.19183509051799775},"size":0.16212734580039979,"orthographic":false}